{
"RECORDS":[
{
"id":1,
"province_id":1,
"city_name":"北京",
"zip_code":"100000"
},
{
"id":2,
"province_id":2,
"city_name":"天津",
"zip_code":"300000"
},
{
"id":3,
"province_id":3,
"city_name":"石家庄",
"zip_code":"050000"
},
{
"id":4,
"province_id":3,
"city_name":"唐山",
"zip_code":"063000"
},
{
"id":5,
"province_id":3,
"city_name":"秦皇岛",
"zip_code":"066000"
},
{
"id":6,
"province_id":3,
"city_name":"邯郸",
"zip_code":"056000"
},
{
"id":7,
"province_id":3,
"city_name":"邢台",
"zip_code":"054000"
},
{
"id":8,
"province_id":3,
"city_name":"保定",
"zip_code":"071000"
},
{
"id":9,
"province_id":3,
"city_name":"张家口",
"zip_code":"075000"
},
{
"id":10,
"province_id":3,
"city_name":"承德",
"zip_code":"067000"
},
{
"id":11,
"province_id":3,
"city_name":"沧州",
"zip_code":"061000"
},
{
"id":12,
"province_id":3,
"city_name":"廊坊",
"zip_code":"065000"
},
{
"id":13,
"province_id":3,
"city_name":"衡水",
"zip_code":"053000"
},
{
"id":14,
"province_id":4,
"city_name":"太原",
"zip_code":"030000"
},
{
"id":15,
"province_id":4,
"city_name":"大同",
"zip_code":"037000"
},
{
"id":16,
"province_id":4,
"city_name":"阳泉",
"zip_code":"045000"
},
{
"id":17,
"province_id":4,
"city_name":"长治",
"zip_code":"046000"
},
{
"id":18,
"province_id":4,
"city_name":"晋城",
"zip_code":"048000"
},
{
"id":19,
"province_id":4,
"city_name":"朔州",
"zip_code":"036000"
},
{
"id":20,
"province_id":4,
"city_name":"晋中",
"zip_code":"030600"
},
{
"id":21,
"province_id":4,
"city_name":"运城",
"zip_code":"044000"
},
{
"id":22,
"province_id":4,
"city_name":"忻州",
"zip_code":"034000"
},
{
"id":23,
"province_id":4,
"city_name":"临汾",
"zip_code":"041000"
},
{
"id":24,
"province_id":4,
"city_name":"吕梁",
"zip_code":"033000"
},
{
"id":25,
"province_id":5,
"city_name":"呼和浩特",
"zip_code":"010000"
},
{
"id":26,
"province_id":5,
"city_name":"包头",
"zip_code":"014000"
},
{
"id":27,
"province_id":5,
"city_name":"乌海",
"zip_code":"016000"
},
{
"id":28,
"province_id":5,
"city_name":"赤峰",
"zip_code":"024000"
},
{
"id":29,
"province_id":5,
"city_name":"通辽",
"zip_code":"028000"
},
{
"id":30,
"province_id":5,
"city_name":"鄂尔多斯",
"zip_code":"017000"
},
{
"id":31,
"province_id":5,
"city_name":"呼伦贝尔",
"zip_code":"021000"
},
{
"id":32,
"province_id":5,
"city_name":"巴彦",
"zip_code":"015000"
},
{
"id":33,
"province_id":5,
"city_name":"乌兰察布",
"zip_code":"012000"
},
{
"id":34,
"province_id":5,
"city_name":"兴安",
"zip_code":"137400"
},
{
"id":35,
"province_id":5,
"city_name":"锡林郭勒盟",
"zip_code":"026000"
},
{
"id":36,
"province_id":5,
"city_name":"阿拉善盟",
"zip_code":"750306"
},
{
"id":37,
"province_id":6,
"city_name":"沈阳",
"zip_code":"110000"
},
{
"id":38,
"province_id":6,
"city_name":"大连",
"zip_code":"116000"
},
{
"id":39,
"province_id":6,
"city_name":"鞍山",
"zip_code":"114000"
},
{
"id":40,
"province_id":6,
"city_name":"抚顺",
"zip_code":"113000"
},
{
"id":41,
"province_id":6,
"city_name":"本溪",
"zip_code":"117000"
},
{
"id":42,
"province_id":6,
"city_name":"丹东",
"zip_code":"118000"
},
{
"id":43,
"province_id":6,
"city_name":"锦州",
"zip_code":"121000"
},
{
"id":44,
"province_id":6,
"city_name":"营口",
"zip_code":"115000"
},
{
"id":45,
"province_id":6,
"city_name":"阜新",
"zip_code":"123000"
},
{
"id":46,
"province_id":6,
"city_name":"辽阳",
"zip_code":"111000"
},
{
"id":47,
"province_id":6,
"city_name":"盘锦",
"zip_code":"124000"
},
{
"id":48,
"province_id":6,
"city_name":"铁岭",
"zip_code":"112000"
},
{
"id":49,
"province_id":6,
"city_name":"朝阳",
"zip_code":"100020"
},
{
"id":50,
"province_id":6,
"city_name":"葫芦岛",
"zip_code":"125000"
},
{
"id":51,
"province_id":7,
"city_name":"长春",
"zip_code":"130000"
},
{
"id":52,
"province_id":7,
"city_name":"吉林",
"zip_code":"132000"
},
{
"id":53,
"province_id":7,
"city_name":"四平",
"zip_code":"136000"
},
{
"id":54,
"province_id":7,
"city_name":"辽源",
"zip_code":"136200"
},
{
"id":55,
"province_id":7,
"city_name":"通化",
"zip_code":"134000"
},
{
"id":56,
"province_id":7,
"city_name":"白山",
"zip_code":"134300"
},
{
"id":57,
"province_id":7,
"city_name":"松原",
"zip_code":"138000"
},
{
"id":58,
"province_id":7,
"city_name":"白城",
"zip_code":"137000"
},
{
"id":59,
"province_id":7,
"city_name":"延边",
"zip_code":"133000"
},
{
"id":60,
"province_id":8,
"city_name":"哈尔滨",
"zip_code":"150000"
},
{
"id":61,
"province_id":8,
"city_name":"齐齐哈尔",
"zip_code":"161000"
},
{
"id":62,
"province_id":8,
"city_name":"鸡西",
"zip_code":"158100"
},
{
"id":63,
"province_id":8,
"city_name":"鹤岗",
"zip_code":"154100"
},
{
"id":64,
"province_id":8,
"city_name":"双鸭山",
"zip_code":"155100"
},
{
"id":65,
"province_id":8,
"city_name":"大庆",
"zip_code":"163000"
},
{
"id":66,
"province_id":8,
"city_name":"伊春",
"zip_code":"153000"
},
{
"id":67,
"province_id":8,
"city_name":"佳木斯",
"zip_code":"154000"
},
{
"id":68,
"province_id":8,
"city_name":"七台河",
"zip_code":"154600"
},
{
"id":69,
"province_id":8,
"city_name":"牡丹江",
"zip_code":"157000"
},
{
"id":70,
"province_id":8,
"city_name":"黑河",
"zip_code":"164300"
},
{
"id":71,
"province_id":8,
"city_name":"绥化",
"zip_code":"152000"
},
{
"id":72,
"province_id":8,
"city_name":"大兴安岭",
"zip_code":"165000"
},
{
"id":73,
"province_id":9,
"city_name":"上海",
"zip_code":"200000"
},
{
"id":74,
"province_id":10,
"city_name":"南京",
"zip_code":"210000"
},
{
"id":75,
"province_id":10,
"city_name":"无锡",
"zip_code":"214000"
},
{
"id":76,
"province_id":10,
"city_name":"徐州",
"zip_code":"221000"
},
{
"id":77,
"province_id":10,
"city_name":"常州",
"zip_code":"213000"
},
{
"id":78,
"province_id":10,
"city_name":"苏州",
"zip_code":"215000"
},
{
"id":79,
"province_id":10,
"city_name":"南通",
"zip_code":"226000"
},
{
"id":80,
"province_id":10,
"city_name":"连云港",
"zip_code":"222000"
},
{
"id":81,
"province_id":10,
"city_name":"淮安",
"zip_code":"223001"
},
{
"id":82,
"province_id":10,
"city_name":"盐城",
"zip_code":"224000"
},
{
"id":83,
"province_id":10,
"city_name":"扬州",
"zip_code":"225000"
},
{
"id":84,
"province_id":10,
"city_name":"镇江",
"zip_code":"212000"
},
{
"id":85,
"province_id":10,
"city_name":"泰州",
"zip_code":"225300"
},
{
"id":86,
"province_id":10,
"city_name":"宿迁",
"zip_code":"223800"
},
{
"id":87,
"province_id":11,
"city_name":"杭州",
"zip_code":"310000"
},
{
"id":88,
"province_id":11,
"city_name":"宁波",
"zip_code":"315000"
},
{
"id":89,
"province_id":11,
"city_name":"温州",
"zip_code":"325000"
},
{
"id":90,
"province_id":11,
"city_name":"嘉兴",
"zip_code":"314000"
},
{
"id":91,
"province_id":11,
"city_name":"湖州",
"zip_code":"313000"
},
{
"id":92,
"province_id":11,
"city_name":"绍兴",
"zip_code":"312000"
},
{
"id":93,
"province_id":11,
"city_name":"金华",
"zip_code":"321000"
},
{
"id":94,
"province_id":11,
"city_name":"衢州",
"zip_code":"324000"
},
{
"id":95,
"province_id":11,
"city_name":"舟山",
"zip_code":"316000"
},
{
"id":96,
"province_id":11,
"city_name":"台州",
"zip_code":"318000"
},
{
"id":97,
"province_id":11,
"city_name":"丽水",
"zip_code":"323000"
},
{
"id":98,
"province_id":12,
"city_name":"合肥",
"zip_code":"230000"
},
{
"id":99,
"province_id":12,
"city_name":"芜湖",
"zip_code":"241000"
},
{
"id":100,
"province_id":12,
"city_name":"蚌埠",
"zip_code":"233000"
},
{
"id":101,
"province_id":12,
"city_name":"淮南",
"zip_code":"232000"
},
{
"id":102,
"province_id":12,
"city_name":"马鞍山",
"zip_code":"243000"
},
{
"id":103,
"province_id":12,
"city_name":"淮北",
"zip_code":"235000"
},
{
"id":104,
"province_id":12,
"city_name":"铜陵",
"zip_code":"244000"
},
{
"id":105,
"province_id":12,
"city_name":"安庆",
"zip_code":"246000"
},
{
"id":106,
"province_id":12,
"city_name":"黄山",
"zip_code":"242700"
},
{
"id":107,
"province_id":12,
"city_name":"滁州",
"zip_code":"239000"
},
{
"id":108,
"province_id":12,
"city_name":"阜阳",
"zip_code":"236000"
},
{
"id":109,
"province_id":12,
"city_name":"宿州",
"zip_code":"234000"
},
{
"id":110,
"province_id":12,
"city_name":"巢湖",
"zip_code":"238000"
},
{
"id":111,
"province_id":12,
"city_name":"六安",
"zip_code":"237000"
},
{
"id":112,
"province_id":12,
"city_name":"亳州",
"zip_code":"236000"
},
{
"id":113,
"province_id":12,
"city_name":"池州",
"zip_code":"247100"
},
{
"id":114,
"province_id":12,
"city_name":"宣城",
"zip_code":"242000"
},
{
"id":115,
"province_id":13,
"city_name":"福州",
"zip_code":"350000"
},
{
"id":116,
"province_id":13,
"city_name":"厦门",
"zip_code":"361000"
},
{
"id":117,
"province_id":13,
"city_name":"莆田",
"zip_code":"351100"
},
{
"id":118,
"province_id":13,
"city_name":"三明",
"zip_code":"365000"
},
{
"id":119,
"province_id":13,
"city_name":"泉州",
"zip_code":"362000"
},
{
"id":120,
"province_id":13,
"city_name":"漳州",
"zip_code":"363000"
},
{
"id":121,
"province_id":13,
"city_name":"南平",
"zip_code":"353000"
},
{
"id":122,
"province_id":13,
"city_name":"龙岩",
"zip_code":"364000"
},
{
"id":123,
"province_id":13,
"city_name":"宁德",
"zip_code":"352000"
},
{
"id":124,
"province_id":14,
"city_name":"南昌",
"zip_code":"330000"
},
{
"id":125,
"province_id":14,
"city_name":"景德镇",
"zip_code":"333000"
},
{
"id":126,
"province_id":14,
"city_name":"萍乡",
"zip_code":"337000"
},
{
"id":127,
"province_id":14,
"city_name":"九江",
"zip_code":"332000"
},
{
"id":128,
"province_id":14,
"city_name":"新余",
"zip_code":"338000"
},
{
"id":129,
"province_id":14,
"city_name":"鹰潭",
"zip_code":"335000"
},
{
"id":130,
"province_id":14,
"city_name":"赣州",
"zip_code":"341000"
},
{
"id":131,
"province_id":14,
"city_name":"吉安",
"zip_code":"343000"
},
{
"id":132,
"province_id":14,
"city_name":"宜春",
"zip_code":"336000"
},
{
"id":133,
"province_id":14,
"city_name":"抚州",
"zip_code":"344000"
},
{
"id":134,
"province_id":14,
"city_name":"上饶",
"zip_code":"334000"
},
{
"id":135,
"province_id":15,
"city_name":"济南",
"zip_code":"250000"
},
{
"id":136,
"province_id":15,
"city_name":"青岛",
"zip_code":"266000"
},
{
"id":137,
"province_id":15,
"city_name":"淄博",
"zip_code":"255000"
},
{
"id":138,
"province_id":15,
"city_name":"枣庄",
"zip_code":"277000"
},
{
"id":139,
"province_id":15,
"city_name":"东营",
"zip_code":"257000"
},
{
"id":140,
"province_id":15,
"city_name":"烟台",
"zip_code":"264000"
},
{
"id":141,
"province_id":15,
"city_name":"潍坊",
"zip_code":"261000"
},
{
"id":142,
"province_id":15,
"city_name":"济宁",
"zip_code":"272000"
},
{
"id":143,
"province_id":15,
"city_name":"泰安",
"zip_code":"271000"
},
{
"id":144,
"province_id":15,
"city_name":"威海",
"zip_code":"264200"
},
{
"id":145,
"province_id":15,
"city_name":"日照",
"zip_code":"276800"
},
{
"id":146,
"province_id":15,
"city_name":"莱芜",
"zip_code":"271100"
},
{
"id":147,
"province_id":15,
"city_name":"临沂",
"zip_code":"276000"
},
{
"id":148,
"province_id":15,
"city_name":"德州",
"zip_code":"253000"
},
{
"id":149,
"province_id":15,
"city_name":"聊城",
"zip_code":"252000"
},
{
"id":150,
"province_id":15,
"city_name":"滨州",
"zip_code":"256600"
},
{
"id":151,
"province_id":15,
"city_name":"菏泽",
"zip_code":"274000"
},
{
"id":152,
"province_id":16,
"city_name":"郑州",
"zip_code":"450000"
},
{
"id":153,
"province_id":16,
"city_name":"开封",
"zip_code":"475000"
},
{
"id":154,
"province_id":16,
"city_name":"洛阳",
"zip_code":"471000"
},
{
"id":155,
"province_id":16,
"city_name":"平顶山",
"zip_code":"467000"
},
{
"id":156,
"province_id":16,
"city_name":"安阳",
"zip_code":"455000"
},
{
"id":157,
"province_id":16,
"city_name":"鹤壁",
"zip_code":"458000"
},
{
"id":158,
"province_id":16,
"city_name":"新乡",
"zip_code":"453000"
},
{
"id":159,
"province_id":16,
"city_name":"焦作",
"zip_code":"454100"
},
{
"id":160,
"province_id":16,
"city_name":"濮阳",
"zip_code":"457000"
},
{
"id":161,
"province_id":16,
"city_name":"许昌",
"zip_code":"461000"
},
{
"id":162,
"province_id":16,
"city_name":"漯河",
"zip_code":"462000"
},
{
"id":163,
"province_id":16,
"city_name":"三门峡",
"zip_code":"472000"
},
{
"id":164,
"province_id":16,
"city_name":"南阳",
"zip_code":"473000"
},
{
"id":165,
"province_id":16,
"city_name":"商丘",
"zip_code":"476000"
},
{
"id":166,
"province_id":16,
"city_name":"信阳",
"zip_code":"464000"
},
{
"id":167,
"province_id":16,
"city_name":"周口",
"zip_code":"466000"
},
{
"id":168,
"province_id":16,
"city_name":"驻马店",
"zip_code":"463000"
},
{
"id":169,
"province_id":16,
"city_name":"济源",
"zip_code":"454650"
},
{
"id":170,
"province_id":17,
"city_name":"武汉",
"zip_code":"430000"
},
{
"id":171,
"province_id":17,
"city_name":"黄石",
"zip_code":"435000"
},
{
"id":172,
"province_id":17,
"city_name":"十堰",
"zip_code":"442000"
},
{
"id":173,
"province_id":17,
"city_name":"宜昌",
"zip_code":"443000"
},
{
"id":174,
"province_id":17,
"city_name":"襄阳",
"zip_code":"441000"
},
{
"id":175,
"province_id":17,
"city_name":"鄂州",
"zip_code":"436000"
},
{
"id":176,
"province_id":17,
"city_name":"荆门",
"zip_code":"448000"
},
{
"id":177,
"province_id":17,
"city_name":"孝感",
"zip_code":"432000"
},
{
"id":178,
"province_id":17,
"city_name":"荆州",
"zip_code":"434000"
},
{
"id":179,
"province_id":17,
"city_name":"黄冈",
"zip_code":"438000"
},
{
"id":180,
"province_id":17,
"city_name":"咸宁",
"zip_code":"437000"
},
{
"id":181,
"province_id":17,
"city_name":"随州",
"zip_code":"441300"
},
{
"id":182,
"province_id":17,
"city_name":"恩施",
"zip_code":"445000"
},
{
"id":184,
"province_id":18,
"city_name":"长沙",
"zip_code":"410000"
},
{
"id":185,
"province_id":18,
"city_name":"株洲",
"zip_code":"412000"
},
{
"id":186,
"province_id":18,
"city_name":"湘潭",
"zip_code":"411100"
},
{
"id":187,
"province_id":18,
"city_name":"衡阳",
"zip_code":"421000"
},
{
"id":188,
"province_id":18,
"city_name":"邵阳",
"zip_code":"422000"
},
{
"id":189,
"province_id":18,
"city_name":"岳阳",
"zip_code":"414000"
},
{
"id":190,
"province_id":18,
"city_name":"常德",
"zip_code":"415000"
},
{
"id":191,
"province_id":18,
"city_name":"张家界",
"zip_code":"427000"
},
{
"id":192,
"province_id":18,
"city_name":"益阳",
"zip_code":"413000"
},
{
"id":193,
"province_id":18,
"city_name":"郴州",
"zip_code":"423000"
},
{
"id":194,
"province_id":18,
"city_name":"永州",
"zip_code":"425000"
},
{
"id":195,
"province_id":18,
"city_name":"怀化",
"zip_code":"418000"
},
{
"id":196,
"province_id":18,
"city_name":"娄底",
"zip_code":"417000"
},
{
"id":197,
"province_id":18,
"city_name":"湘西",
"zip_code":"416000"
},
{
"id":198,
"province_id":19,
"city_name":"广州",
"zip_code":"510000"
},
{
"id":199,
"province_id":19,
"city_name":"韶关",
"zip_code":"512000"
},
{
"id":200,
"province_id":19,
"city_name":"深圳",
"zip_code":"518000"
},
{
"id":201,
"province_id":19,
"city_name":"珠海",
"zip_code":"519000"
},
{
"id":202,
"province_id":19,
"city_name":"汕头",
"zip_code":"515000"
},
{
"id":203,
"province_id":19,
"city_name":"佛山",
"zip_code":"528000"
},
{
"id":204,
"province_id":19,
"city_name":"江门",
"zip_code":"529000"
},
{
"id":205,
"province_id":19,
"city_name":"湛江",
"zip_code":"524000"
},
{
"id":206,
"province_id":19,
"city_name":"茂名",
"zip_code":"525000"
},
{
"id":207,
"province_id":19,
"city_name":"肇庆",
"zip_code":"526000"
},
{
"id":208,
"province_id":19,
"city_name":"惠州",
"zip_code":"516000"
},
{
"id":209,
"province_id":19,
"city_name":"梅州",
"zip_code":"514000"
},
{
"id":210,
"province_id":19,
"city_name":"汕尾",
"zip_code":"516600"
},
{
"id":211,
"province_id":19,
"city_name":"河源",
"zip_code":"517000"
},
{
"id":212,
"province_id":19,
"city_name":"阳江",
"zip_code":"529500"
},
{
"id":213,
"province_id":19,
"city_name":"清远",
"zip_code":"511500"
},
{
"id":214,
"province_id":19,
"city_name":"东莞",
"zip_code":"523000"
},
{
"id":215,
"province_id":19,
"city_name":"中山",
"zip_code":"528400"
},
{
"id":216,
"province_id":19,
"city_name":"潮州",
"zip_code":"521000"
},
{
"id":217,
"province_id":19,
"city_name":"揭阳",
"zip_code":"522000"
},
{
"id":218,
"province_id":19,
"city_name":"云浮",
"zip_code":"527300"
},
{
"id":219,
"province_id":20,
"city_name":"南宁",
"zip_code":"530000"
},
{
"id":220,
"province_id":20,
"city_name":"柳州",
"zip_code":"545000"
},
{
"id":221,
"province_id":20,
"city_name":"桂林",
"zip_code":"541000"
},
{
"id":222,
"province_id":20,
"city_name":"梧州",
"zip_code":"543000"
},
{
"id":223,
"province_id":20,
"city_name":"北海",
"zip_code":"536000"
},
{
"id":224,
"province_id":20,
"city_name":"防城港",
"zip_code":"538000"
},
{
"id":225,
"province_id":20,
"city_name":"钦州",
"zip_code":"535000"
},
{
"id":226,
"province_id":20,
"city_name":"贵港",
"zip_code":"537100"
},
{
"id":227,
"province_id":20,
"city_name":"玉林",
"zip_code":"537000"
},
{
"id":228,
"province_id":20,
"city_name":"百色",
"zip_code":"533000"
},
{
"id":229,
"province_id":20,
"city_name":"贺州",
"zip_code":"542800"
},
{
"id":230,
"province_id":20,
"city_name":"河池",
"zip_code":"547000"
},
{
"id":231,
"province_id":20,
"city_name":"来宾",
"zip_code":"546100"
},
{
"id":232,
"province_id":20,
"city_name":"崇左",
"zip_code":"532200"
},
{
"id":233,
"province_id":21,
"city_name":"海口",
"zip_code":"570100"
},
{
"id":234,
"province_id":21,
"city_name":"三亚",
"zip_code":"572000"
},
{
"id":236,
"province_id":22,
"city_name":"重庆",
"zip_code":"400000"
},
{
"id":237,
"province_id":23,
"city_name":"成都",
"zip_code":"610000"
},
{
"id":238,
"province_id":23,
"city_name":"自贡",
"zip_code":"643000"
},
{
"id":239,
"province_id":23,
"city_name":"攀枝花",
"zip_code":"617000"
},
{
"id":240,
"province_id":23,
"city_name":"泸州",
"zip_code":"646000"
},
{
"id":241,
"province_id":23,
"city_name":"德阳",
"zip_code":"618000"
},
{
"id":242,
"province_id":23,
"city_name":"绵阳",
"zip_code":"621000"
},
{
"id":243,
"province_id":23,
"city_name":"广元",
"zip_code":"628000"
},
{
"id":244,
"province_id":23,
"city_name":"遂宁",
"zip_code":"629000"
},
{
"id":245,
"province_id":23,
"city_name":"内江",
"zip_code":"641000"
},
{
"id":246,
"province_id":23,
"city_name":"乐山",
"zip_code":"614000"
},
{
"id":247,
"province_id":23,
"city_name":"南充",
"zip_code":"637000"
},
{
"id":248,
"province_id":23,
"city_name":"眉山",
"zip_code":"620000"
},
{
"id":249,
"province_id":23,
"city_name":"宜宾",
"zip_code":"644000"
},
{
"id":250,
"province_id":23,
"city_name":"广安",
"zip_code":"638500"
},
{
"id":251,
"province_id":23,
"city_name":"达州",
"zip_code":"635000"
},
{
"id":252,
"province_id":23,
"city_name":"雅安",
"zip_code":"625000"
},
{
"id":253,
"province_id":23,
"city_name":"巴中",
"zip_code":"636600"
},
{
"id":254,
"province_id":23,
"city_name":"资阳",
"zip_code":"641300"
},
{
"id":255,
"province_id":23,
"city_name":"阿坝",
"zip_code":"624000"
},
{
"id":256,
"province_id":23,
"city_name":"甘孜",
"zip_code":"626000"
},
{
"id":257,
"province_id":23,
"city_name":"凉山",
"zip_code":"615000"
},
{
"id":258,
"province_id":24,
"city_name":"贵阳",
"zip_code":"550000"
},
{
"id":259,
"province_id":24,
"city_name":"六盘水",
"zip_code":"553000"
},
{
"id":260,
"province_id":24,
"city_name":"遵义",
"zip_code":"563000"
},
{
"id":261,
"province_id":24,
"city_name":"安顺",
"zip_code":"561000"
},
{
"id":262,
"province_id":24,
"city_name":"铜仁",
"zip_code":"554300"
},
{
"id":263,
"province_id":24,
"city_name":"黔西",
"zip_code":"562400"
},
{
"id":264,
"province_id":24,
"city_name":"毕节",
"zip_code":"551700"
},
{
"id":265,
"province_id":24,
"city_name":"黔东",
"zip_code":"556000"
},
{
"id":266,
"province_id":24,
"city_name":"黔南",
"zip_code":"558000"
},
{
"id":267,
"province_id":25,
"city_name":"昆明",
"zip_code":"650000"
},
{
"id":268,
"province_id":25,
"city_name":"曲靖",
"zip_code":"655000"
},
{
"id":269,
"province_id":25,
"city_name":"玉溪",
"zip_code":"653100"
},
{
"id":270,
"province_id":25,
"city_name":"保山",
"zip_code":"678000"
},
{
"id":271,
"province_id":25,
"city_name":"昭通",
"zip_code":"657000"
},
{
"id":272,
"province_id":25,
"city_name":"丽江",
"zip_code":"674100"
},
{
"id":273,
"province_id":25,
"city_name":"普洱",
"zip_code":"665000"
},
{
"id":274,
"province_id":25,
"city_name":"临沧",
"zip_code":"677000"
},
{
"id":275,
"province_id":25,
"city_name":"楚雄",
"zip_code":"675000"
},
{
"id":276,
"province_id":25,
"city_name":"红河",
"zip_code":"661400"
},
{
"id":277,
"province_id":25,
"city_name":"文山",
"zip_code":"663000"
},
{
"id":278,
"province_id":25,
"city_name":"西双版纳",
"zip_code":"666100"
},
{
"id":279,
"province_id":25,
"city_name":"大理",
"zip_code":"671000"
},
{
"id":280,
"province_id":25,
"city_name":"德宏",
"zip_code":"678400"
},
{
"id":281,
"province_id":25,
"city_name":"怒江",
"zip_code":"673100"
},
{
"id":282,
"province_id":25,
"city_name":"迪庆",
"zip_code":"674400"
},
{
"id":283,
"province_id":26,
"city_name":"拉萨",
"zip_code":"850000"
},
{
"id":284,
"province_id":26,
"city_name":"昌都",
"zip_code":"854000"
},
{
"id":285,
"province_id":26,
"city_name":"山南",
"zip_code":"856000"
},
{
"id":286,
"province_id":26,
"city_name":"日喀则",
"zip_code":"857000"
},
{
"id":287,
"province_id":26,
"city_name":"那曲",
"zip_code":"852000"
},
{
"id":288,
"province_id":26,
"city_name":"阿里",
"zip_code":"859000"
},
{
"id":289,
"province_id":26,
"city_name":"林芝",
"zip_code":"860000"
},
{
"id":290,
"province_id":27,
"city_name":"西安",
"zip_code":"710000"
},
{
"id":291,
"province_id":27,
"city_name":"铜川",
"zip_code":"727000"
},
{
"id":292,
"province_id":27,
"city_name":"宝鸡",
"zip_code":"721000"
},
{
"id":293,
"province_id":27,
"city_name":"咸阳",
"zip_code":"712000"
},
{
"id":294,
"province_id":27,
"city_name":"渭南",
"zip_code":"714000"
},
{
"id":295,
"province_id":27,
"city_name":"延安",
"zip_code":"716000"
},
{
"id":296,
"province_id":27,
"city_name":"汉中",
"zip_code":"723000"
},
{
"id":297,
"province_id":27,
"city_name":"榆林",
"zip_code":"719000"
},
{
"id":298,
"province_id":27,
"city_name":"安康",
"zip_code":"725000"
},
{
"id":299,
"province_id":27,
"city_name":"商洛",
"zip_code":"726000"
},
{
"id":300,
"province_id":28,
"city_name":"兰州",
"zip_code":"730000"
},
{
"id":301,
"province_id":28,
"city_name":"嘉峪关",
"zip_code":"735100"
},
{
"id":302,
"province_id":28,
"city_name":"金昌",
"zip_code":"737100"
},
{
"id":303,
"province_id":28,
"city_name":"白银",
"zip_code":"730900"
},
{
"id":304,
"province_id":28,
"city_name":"天水",
"zip_code":"741000"
},
{
"id":305,
"province_id":28,
"city_name":"武威",
"zip_code":"733000"
},
{
"id":306,
"province_id":28,
"city_name":"张掖",
"zip_code":"734000"
},
{
"id":307,
"province_id":28,
"city_name":"平凉",
"zip_code":"744000"
},
{
"id":308,
"province_id":28,
"city_name":"酒泉",
"zip_code":"735000"
},
{
"id":309,
"province_id":28,
"city_name":"庆阳",
"zip_code":"745000"
},
{
"id":310,
"province_id":28,
"city_name":"定西",
"zip_code":"743000"
},
{
"id":311,
"province_id":28,
"city_name":"陇南",
"zip_code":"742500"
},
{
"id":312,
"province_id":28,
"city_name":"临夏",
"zip_code":"731100"
},
{
"id":313,
"province_id":28,
"city_name":"甘南",
"zip_code":"747000"
},
{
"id":314,
"province_id":29,
"city_name":"西宁",
"zip_code":"810000"
},
{
"id":315,
"province_id":29,
"city_name":"海东",
"zip_code":"810600"
},
{
"id":316,
"province_id":29,
"city_name":"海北",
"zip_code":"812200"
},
{
"id":317,
"province_id":29,
"city_name":"黄南",
"zip_code":"811300"
},
{
"id":318,
"province_id":29,
"city_name":"海南",
"zip_code":"813000"
},
{
"id":319,
"province_id":29,
"city_name":"果洛",
"zip_code":"814000"
},
{
"id":320,
"province_id":29,
"city_name":"玉树",
"zip_code":"815000"
},
{
"id":321,
"province_id":29,
"city_name":"海西",
"zip_code":"817000"
},
{
"id":322,
"province_id":30,
"city_name":"银川",
"zip_code":"750000"
},
{
"id":323,
"province_id":30,
"city_name":"石嘴山",
"zip_code":"753000"
},
{
"id":324,
"province_id":30,
"city_name":"吴忠",
"zip_code":"751100"
},
{
"id":325,
"province_id":30,
"city_name":"固原",
"zip_code":"756000"
},
{
"id":326,
"province_id":30,
"city_name":"中卫",
"zip_code":"755000"
},
{
"id":327,
"province_id":31,
"city_name":"乌鲁木齐",
"zip_code":"830000"
},
{
"id":328,
"province_id":31,
"city_name":"克拉玛依",
"zip_code":"834000"
},
{
"id":329,
"province_id":31,
"city_name":"吐鲁番",
"zip_code":"838000"
},
{
"id":330,
"province_id":31,
"city_name":"哈密",
"zip_code":"839000"
},
{
"id":331,
"province_id":31,
"city_name":"昌吉",
"zip_code":"831100"
},
{
"id":332,
"province_id":31,
"city_name":"博尔塔拉",
"zip_code":"833400"
},
{
"id":333,
"province_id":31,
"city_name":"巴音郭楞",
"zip_code":"841000"
},
{
"id":334,
"province_id":31,
"city_name":"阿克苏",
"zip_code":"843000"
},
{
"id":335,
"province_id":31,
"city_name":"克孜勒苏柯尔克孜",
"zip_code":"845350"
},
{
"id":336,
"province_id":31,
"city_name":"喀什",
"zip_code":"844000"
},
{
"id":337,
"province_id":31,
"city_name":"和田",
"zip_code":"848000"
},
{
"id":338,
"province_id":31,
"city_name":"伊犁哈萨克",
"zip_code":"835000"
},
{
"id":339,
"province_id":31,
"city_name":"塔城",
"zip_code":"834700"
},
{
"id":340,
"province_id":31,
"city_name":"阿勒泰",
"zip_code":"836500"
},
{
"id":342,
"province_id":32,
"city_name":"香港",
"zip_code":"999077"
},
{
"id":343,
"province_id":33,
"city_name":"澳门",
"zip_code":"999078"
},
{
"id":344,
"province_id":34,
"city_name":"台湾",
"zip_code":"999079"
}
]
}